#,$id,Unit,Geopolitical entity (declaring),"Period of time (a=annual, q=quarterly, m=monthly, d=daily, c=cumulated from January)",People at risk of poverty or social exclusion
prop,,http://epp.eurostat.ec.europa.eu/def/t2020_50#unit,http://epp.eurostat.ec.europa.eu/def/t2020_50#geo,http://epp.eurostat.ec.europa.eu/def/t2020_50#time,http://epp.eurostat.ec.europa.eu/def/t2020_50#t2020_50
type,,url,url,time,
see,,unit.csv,geo.csv,,
meta,,source,url,http://epp.eurostat.ec.europa.eu/cache/ITY_FIXDST/t2020_50.xml,dc:source
meta,#col=5,footnote,en,: = not available,rdfs:comment
meta,#col=5,footnote,fr,: = non disponible,rdfs:comment
meta,#col=5,footnote,de,: = nicht verfügbar,rdfs:comment
,,http://epp.eurostat.ec.europa.eu/def/unit#1000PERS,http://epp.eurostat.ec.europa.eu/def/geo#EU27,2004,:
,,http://epp.eurostat.ec.europa.eu/def/unit#1000PERS,http://epp.eurostat.ec.europa.eu/def/geo#EU27,2005,123892
,,http://epp.eurostat.ec.europa.eu/def/unit#1000PERS,http://epp.eurostat.ec.europa.eu/def/geo#EU27,2006,122688
,,http://epp.eurostat.ec.europa.eu/def/unit#1000PERS,http://epp.eurostat.ec.europa.eu/def/geo#EU27,2007,119281
,,http://epp.eurostat.ec.europa.eu/def/unit#1000PERS,http://epp.eurostat.ec.europa.eu/def/geo#EU27,2008,115186
,,http://epp.eurostat.ec.europa.eu/def/unit#1000PERS,http://epp.eurostat.ec.europa.eu/def/geo#EU27,2009,113767
,,http://epp.eurostat.ec.europa.eu/def/unit#1000PERS,http://epp.eurostat.ec.europa.eu/def/geo#EU27,2010,115726
,,http://epp.eurostat.ec.europa.eu/def/unit#1000PERS,http://epp.eurostat.ec.europa.eu/def/geo#EU27,2011,119482
,,http://epp.eurostat.ec.europa.eu/def/unit#1000PERS,http://epp.eurostat.ec.europa.eu/def/geo#BE,2004,2257
,,http://epp.eurostat.ec.europa.eu/def/unit#1000PERS,http://epp.eurostat.ec.europa.eu/def/geo#BE,2005,2338
,,http://epp.eurostat.ec.europa.eu/def/unit#1000PERS,http://epp.eurostat.ec.europa.eu/def/geo#BE,2006,2247
,,http://epp.eurostat.ec.europa.eu/def/unit#1000PERS,http://epp.eurostat.ec.europa.eu/def/geo#BE,2007,2261
,,http://epp.eurostat.ec.europa.eu/def/unit#1000PERS,http://epp.eurostat.ec.europa.eu/def/geo#BE,2008,2194
,,http://epp.eurostat.ec.europa.eu/def/unit#1000PERS,http://epp.eurostat.ec.europa.eu/def/geo#BE,2009,2145
,,http://epp.eurostat.ec.europa.eu/def/unit#1000PERS,http://epp.eurostat.ec.europa.eu/def/geo#BE,2010,2235
,,http://epp.eurostat.ec.europa.eu/def/unit#1000PERS,http://epp.eurostat.ec.europa.eu/def/geo#BE,2011,2271
,,http://epp.eurostat.ec.europa.eu/def/unit#1000PERS,http://epp.eurostat.ec.europa.eu/def/geo#BG,2004,:
,,http://epp.eurostat.ec.europa.eu/def/unit#1000PERS,http://epp.eurostat.ec.europa.eu/def/geo#BG,2005,:
,,http://epp.eurostat.ec.europa.eu/def/unit#1000PERS,http://epp.eurostat.ec.europa.eu/def/geo#BG,2006,4734
,,http://epp.eurostat.ec.europa.eu/def/unit#1000PERS,http://epp.eurostat.ec.europa.eu/def/geo#BG,2007,4663
,,http://epp.eurostat.ec.europa.eu/def/unit#1000PERS,http://epp.eurostat.ec.europa.eu/def/geo#BG,2008,2917
,,http://epp.eurostat.ec.europa.eu/def/unit#1000PERS,http://epp.eurostat.ec.europa.eu/def/geo#BG,2009,3511
,,http://epp.eurostat.ec.europa.eu/def/unit#1000PERS,http://epp.eurostat.ec.europa.eu/def/geo#BG,2010,3145
,,http://epp.eurostat.ec.europa.eu/def/unit#1000PERS,http://epp.eurostat.ec.europa.eu/def/geo#BG,2011,3542
,,http://epp.eurostat.ec.europa.eu/def/unit#1000PERS,http://epp.eurostat.ec.europa.eu/def/geo#CZ,2004,:
,,http://epp.eurostat.ec.europa.eu/def/unit#1000PERS,http://epp.eurostat.ec.europa.eu/def/geo#CZ,2005,1988
,,http://epp.eurostat.ec.europa.eu/def/unit#1000PERS,http://epp.eurostat.ec.europa.eu/def/geo#CZ,2006,1832
,,http://epp.eurostat.ec.europa.eu/def/unit#1000PERS,http://epp.eurostat.ec.europa.eu/def/geo#CZ,2007,1613
,,http://epp.eurostat.ec.europa.eu/def/unit#1000PERS,http://epp.eurostat.ec.europa.eu/def/geo#CZ,2008,1566
,,http://epp.eurostat.ec.europa.eu/def/unit#1000PERS,http://epp.eurostat.ec.europa.eu/def/geo#CZ,2009,1448
,,http://epp.eurostat.ec.europa.eu/def/unit#1000PERS,http://epp.eurostat.ec.europa.eu/def/geo#CZ,2010,1495
,,http://epp.eurostat.ec.europa.eu/def/unit#1000PERS,http://epp.eurostat.ec.europa.eu/def/geo#CZ,2011,1598
,,http://epp.eurostat.ec.europa.eu/def/unit#1000PERS,http://epp.eurostat.ec.europa.eu/def/geo#DK,2004,880
,,http://epp.eurostat.ec.europa.eu/def/unit#1000PERS,http://epp.eurostat.ec.europa.eu/def/geo#DK,2005,921
,,http://epp.eurostat.ec.europa.eu/def/unit#1000PERS,http://epp.eurostat.ec.europa.eu/def/geo#DK,2006,896
,,http://epp.eurostat.ec.europa.eu/def/unit#1000PERS,http://epp.eurostat.ec.europa.eu/def/geo#DK,2007,905
,,http://epp.eurostat.ec.europa.eu/def/unit#1000PERS,http://epp.eurostat.ec.europa.eu/def/geo#DK,2008,887
,,http://epp.eurostat.ec.europa.eu/def/unit#1000PERS,http://epp.eurostat.ec.europa.eu/def/geo#DK,2009,962
,,http://epp.eurostat.ec.europa.eu/def/unit#1000PERS,http://epp.eurostat.ec.europa.eu/def/geo#DK,2010,1007
,,http://epp.eurostat.ec.europa.eu/def/unit#1000PERS,http://epp.eurostat.ec.europa.eu/def/geo#DK,2011,1039
,,http://epp.eurostat.ec.europa.eu/def/unit#1000PERS,http://epp.eurostat.ec.europa.eu/def/geo#DE,2004,:
,,http://epp.eurostat.ec.europa.eu/def/unit#1000PERS,http://epp.eurostat.ec.europa.eu/def/geo#DE,2005,15022
,,http://epp.eurostat.ec.europa.eu/def/unit#1000PERS,http://epp.eurostat.ec.europa.eu/def/geo#DE,2006,16444
,,http://epp.eurostat.ec.europa.eu/def/unit#1000PERS,http://epp.eurostat.ec.europa.eu/def/geo#DE,2007,16760
,,http://epp.eurostat.ec.europa.eu/def/unit#1000PERS,http://epp.eurostat.ec.europa.eu/def/geo#DE,2008,16345
,,http://epp.eurostat.ec.europa.eu/def/unit#1000PERS,http://epp.eurostat.ec.europa.eu/def/geo#DE,2009,16217
,,http://epp.eurostat.ec.europa.eu/def/unit#1000PERS,http://epp.eurostat.ec.europa.eu/def/geo#DE,2010,15962
,,http://epp.eurostat.ec.europa.eu/def/unit#1000PERS,http://epp.eurostat.ec.europa.eu/def/geo#DE,2011,16074
,,http://epp.eurostat.ec.europa.eu/def/unit#1000PERS,http://epp.eurostat.ec.europa.eu/def/geo#EE,2004,352
,,http://epp.eurostat.ec.europa.eu/def/unit#1000PERS,http://epp.eurostat.ec.europa.eu/def/geo#EE,2005,347
,,http://epp.eurostat.ec.europa.eu/def/unit#1000PERS,http://epp.eurostat.ec.europa.eu/def/geo#EE,2006,293
,,http://epp.eurostat.ec.europa.eu/def/unit#1000PERS,http://epp.eurostat.ec.europa.eu/def/geo#EE,2007,293
,,http://epp.eurostat.ec.europa.eu/def/unit#1000PERS,http://epp.eurostat.ec.europa.eu/def/geo#EE,2008,291
,,http://epp.eurostat.ec.europa.eu/def/unit#1000PERS,http://epp.eurostat.ec.europa.eu/def/geo#EE,2009,312
,,http://epp.eurostat.ec.europa.eu/def/unit#1000PERS,http://epp.eurostat.ec.europa.eu/def/geo#EE,2010,289
,,http://epp.eurostat.ec.europa.eu/def/unit#1000PERS,http://epp.eurostat.ec.europa.eu/def/geo#EE,2011,307
,,http://epp.eurostat.ec.europa.eu/def/unit#1000PERS,http://epp.eurostat.ec.europa.eu/def/geo#IE,2004,1007
,,http://epp.eurostat.ec.europa.eu/def/unit#1000PERS,http://epp.eurostat.ec.europa.eu/def/geo#IE,2005,1038
,,http://epp.eurostat.ec.europa.eu/def/unit#1000PERS,http://epp.eurostat.ec.europa.eu/def/geo#IE,2006,991
,,http://epp.eurostat.ec.europa.eu/def/unit#1000PERS,http://epp.eurostat.ec.europa.eu/def/geo#IE,2007,1005
,,http://epp.eurostat.ec.europa.eu/def/unit#1000PERS,http://epp.eurostat.ec.europa.eu/def/geo#IE,2008,1050
,,http://epp.eurostat.ec.europa.eu/def/unit#1000PERS,http://epp.eurostat.ec.europa.eu/def/geo#IE,2009,1150
,,http://epp.eurostat.ec.europa.eu/def/unit#1000PERS,http://epp.eurostat.ec.europa.eu/def/geo#IE,2010,1335
,,http://epp.eurostat.ec.europa.eu/def/unit#1000PERS,http://epp.eurostat.ec.europa.eu/def/geo#IE,2011,:
,,http://epp.eurostat.ec.europa.eu/def/unit#1000PERS,http://epp.eurostat.ec.europa.eu/def/geo#EL,2004,3283
,,http://epp.eurostat.ec.europa.eu/def/unit#1000PERS,http://epp.eurostat.ec.europa.eu/def/geo#EL,2005,3131
,,http://epp.eurostat.ec.europa.eu/def/unit#1000PERS,http://epp.eurostat.ec.europa.eu/def/geo#EL,2006,3154
,,http://epp.eurostat.ec.europa.eu/def/unit#1000PERS,http://epp.eurostat.ec.europa.eu/def/geo#EL,2007,3064
,,http://epp.eurostat.ec.europa.eu/def/unit#1000PERS,http://epp.eurostat.ec.europa.eu/def/geo#EL,2008,3046
,,http://epp.eurostat.ec.europa.eu/def/unit#1000PERS,http://epp.eurostat.ec.europa.eu/def/geo#EL,2009,3007
,,http://epp.eurostat.ec.europa.eu/def/unit#1000PERS,http://epp.eurostat.ec.europa.eu/def/geo#EL,2010,3031
,,http://epp.eurostat.ec.europa.eu/def/unit#1000PERS,http://epp.eurostat.ec.europa.eu/def/geo#EL,2011,3403
,,http://epp.eurostat.ec.europa.eu/def/unit#1000PERS,http://epp.eurostat.ec.europa.eu/def/geo#ES,2004,10296
,,http://epp.eurostat.ec.europa.eu/def/unit#1000PERS,http://epp.eurostat.ec.europa.eu/def/geo#ES,2005,10045
,,http://epp.eurostat.ec.europa.eu/def/unit#1000PERS,http://epp.eurostat.ec.europa.eu/def/geo#ES,2006,10155
,,http://epp.eurostat.ec.europa.eu/def/unit#1000PERS,http://epp.eurostat.ec.europa.eu/def/geo#ES,2007,10257
,,http://epp.eurostat.ec.europa.eu/def/unit#1000PERS,http://epp.eurostat.ec.europa.eu/def/geo#ES,2008,10340
,,http://epp.eurostat.ec.europa.eu/def/unit#1000PERS,http://epp.eurostat.ec.europa.eu/def/geo#ES,2009,10652
,,http://epp.eurostat.ec.europa.eu/def/unit#1000PERS,http://epp.eurostat.ec.europa.eu/def/geo#ES,2010,11675
,,http://epp.eurostat.ec.europa.eu/def/unit#1000PERS,http://epp.eurostat.ec.europa.eu/def/geo#ES,2011,12371
,,http://epp.eurostat.ec.europa.eu/def/unit#1000PERS,http://epp.eurostat.ec.europa.eu/def/geo#FR,2004,11597
,,http://epp.eurostat.ec.europa.eu/def/unit#1000PERS,http://epp.eurostat.ec.europa.eu/def/geo#FR,2005,11127
,,http://epp.eurostat.ec.europa.eu/def/unit#1000PERS,http://epp.eurostat.ec.europa.eu/def/geo#FR,2006,11184
,,http://epp.eurostat.ec.europa.eu/def/unit#1000PERS,http://epp.eurostat.ec.europa.eu/def/geo#FR,2007,11382
,,http://epp.eurostat.ec.europa.eu/def/unit#1000PERS,http://epp.eurostat.ec.europa.eu/def/geo#FR,2008,11195
,,http://epp.eurostat.ec.europa.eu/def/unit#1000PERS,http://epp.eurostat.ec.europa.eu/def/geo#FR,2009,11200
,,http://epp.eurostat.ec.europa.eu/def/unit#1000PERS,http://epp.eurostat.ec.europa.eu/def/geo#FR,2010,11693
,,http://epp.eurostat.ec.europa.eu/def/unit#1000PERS,http://epp.eurostat.ec.europa.eu/def/geo#FR,2011,11840
,,http://epp.eurostat.ec.europa.eu/def/unit#1000PERS,http://epp.eurostat.ec.europa.eu/def/geo#IT,2004,15285
,,http://epp.eurostat.ec.europa.eu/def/unit#1000PERS,http://epp.eurostat.ec.europa.eu/def/geo#IT,2005,14621
,,http://epp.eurostat.ec.europa.eu/def/unit#1000PERS,http://epp.eurostat.ec.europa.eu/def/geo#IT,2006,15256
,,http://epp.eurostat.ec.europa.eu/def/unit#1000PERS,http://epp.eurostat.ec.europa.eu/def/geo#IT,2007,15412
,,http://epp.eurostat.ec.europa.eu/def/unit#1000PERS,http://epp.eurostat.ec.europa.eu/def/geo#IT,2008,15099
,,http://epp.eurostat.ec.europa.eu/def/unit#1000PERS,http://epp.eurostat.ec.europa.eu/def/geo#IT,2009,14835
,,http://epp.eurostat.ec.europa.eu/def/unit#1000PERS,http://epp.eurostat.ec.europa.eu/def/geo#IT,2010,14757
,,http://epp.eurostat.ec.europa.eu/def/unit#1000PERS,http://epp.eurostat.ec.europa.eu/def/geo#IT,2011,17126
,,http://epp.eurostat.ec.europa.eu/def/unit#1000PERS,http://epp.eurostat.ec.europa.eu/def/geo#CY,2004,:
,,http://epp.eurostat.ec.europa.eu/def/unit#1000PERS,http://epp.eurostat.ec.europa.eu/def/geo#CY,2005,188
,,http://epp.eurostat.ec.europa.eu/def/unit#1000PERS,http://epp.eurostat.ec.europa.eu/def/geo#CY,2006,193
,,http://epp.eurostat.ec.europa.eu/def/unit#1000PERS,http://epp.eurostat.ec.europa.eu/def/geo#CY,2007,195
,,http://epp.eurostat.ec.europa.eu/def/unit#1000PERS,http://epp.eurostat.ec.europa.eu/def/geo#CY,2008,176
,,http://epp.eurostat.ec.europa.eu/def/unit#1000PERS,http://epp.eurostat.ec.europa.eu/def/geo#CY,2009,182
,,http://epp.eurostat.ec.europa.eu/def/unit#1000PERS,http://epp.eurostat.ec.europa.eu/def/geo#CY,2010,183
,,http://epp.eurostat.ec.europa.eu/def/unit#1000PERS,http://epp.eurostat.ec.europa.eu/def/geo#CY,2011,197
,,http://epp.eurostat.ec.europa.eu/def/unit#1000PERS,http://epp.eurostat.ec.europa.eu/def/geo#LV,2004,:
,,http://epp.eurostat.ec.europa.eu/def/unit#1000PERS,http://epp.eurostat.ec.europa.eu/def/geo#LV,2005,1017
,,http://epp.eurostat.ec.europa.eu/def/unit#1000PERS,http://epp.eurostat.ec.europa.eu/def/geo#LV,2006,930
,,http://epp.eurostat.ec.europa.eu/def/unit#1000PERS,http://epp.eurostat.ec.europa.eu/def/geo#LV,2007,803
,,http://epp.eurostat.ec.europa.eu/def/unit#1000PERS,http://epp.eurostat.ec.europa.eu/def/geo#LV,2008,757
,,http://epp.eurostat.ec.europa.eu/def/unit#1000PERS,http://epp.eurostat.ec.europa.eu/def/geo#LV,2009,834
,,http://epp.eurostat.ec.europa.eu/def/unit#1000PERS,http://epp.eurostat.ec.europa.eu/def/geo#LV,2010,846
,,http://epp.eurostat.ec.europa.eu/def/unit#1000PERS,http://epp.eurostat.ec.europa.eu/def/geo#LV,2011,884
,,http://epp.eurostat.ec.europa.eu/def/unit#1000PERS,http://epp.eurostat.ec.europa.eu/def/geo#LT,2004,:
,,http://epp.eurostat.ec.europa.eu/def/unit#1000PERS,http://epp.eurostat.ec.europa.eu/def/geo#LT,2005,1400
,,http://epp.eurostat.ec.europa.eu/def/unit#1000PERS,http://epp.eurostat.ec.europa.eu/def/geo#LT,2006,1217
,,http://epp.eurostat.ec.europa.eu/def/unit#1000PERS,http://epp.eurostat.ec.europa.eu/def/geo#LT,2007,967
,,http://epp.eurostat.ec.europa.eu/def/unit#1000PERS,http://epp.eurostat.ec.europa.eu/def/geo#LT,2008,928
,,http://epp.eurostat.ec.europa.eu/def/unit#1000PERS,http://epp.eurostat.ec.europa.eu/def/geo#LT,2009,985
,,http://epp.eurostat.ec.europa.eu/def/unit#1000PERS,http://epp.eurostat.ec.europa.eu/def/geo#LT,2010,1109
,,http://epp.eurostat.ec.europa.eu/def/unit#1000PERS,http://epp.eurostat.ec.europa.eu/def/geo#LT,2011,1080
,,http://epp.eurostat.ec.europa.eu/def/unit#1000PERS,http://epp.eurostat.ec.europa.eu/def/geo#LU,2004,71
,,http://epp.eurostat.ec.europa.eu/def/unit#1000PERS,http://epp.eurostat.ec.europa.eu/def/geo#LU,2005,77
,,http://epp.eurostat.ec.europa.eu/def/unit#1000PERS,http://epp.eurostat.ec.europa.eu/def/geo#LU,2006,74
,,http://epp.eurostat.ec.europa.eu/def/unit#1000PERS,http://epp.eurostat.ec.europa.eu/def/geo#LU,2007,73
,,http://epp.eurostat.ec.europa.eu/def/unit#1000PERS,http://epp.eurostat.ec.europa.eu/def/geo#LU,2008,72
,,http://epp.eurostat.ec.europa.eu/def/unit#1000PERS,http://epp.eurostat.ec.europa.eu/def/geo#LU,2009,85
,,http://epp.eurostat.ec.europa.eu/def/unit#1000PERS,http://epp.eurostat.ec.europa.eu/def/geo#LU,2010,83
,,http://epp.eurostat.ec.europa.eu/def/unit#1000PERS,http://epp.eurostat.ec.europa.eu/def/geo#LU,2011,84
,,http://epp.eurostat.ec.europa.eu/def/unit#1000PERS,http://epp.eurostat.ec.europa.eu/def/geo#HU,2004,:
,,http://epp.eurostat.ec.europa.eu/def/unit#1000PERS,http://epp.eurostat.ec.europa.eu/def/geo#HU,2005,3185
,,http://epp.eurostat.ec.europa.eu/def/unit#1000PERS,http://epp.eurostat.ec.europa.eu/def/geo#HU,2006,3121
,,http://epp.eurostat.ec.europa.eu/def/unit#1000PERS,http://epp.eurostat.ec.europa.eu/def/geo#HU,2007,2916
,,http://epp.eurostat.ec.europa.eu/def/unit#1000PERS,http://epp.eurostat.ec.europa.eu/def/geo#HU,2008,2794
,,http://epp.eurostat.ec.europa.eu/def/unit#1000PERS,http://epp.eurostat.ec.europa.eu/def/geo#HU,2009,2924
,,http://epp.eurostat.ec.europa.eu/def/unit#1000PERS,http://epp.eurostat.ec.europa.eu/def/geo#HU,2010,2948
,,http://epp.eurostat.ec.europa.eu/def/unit#1000PERS,http://epp.eurostat.ec.europa.eu/def/geo#HU,2011,3051
,,http://epp.eurostat.ec.europa.eu/def/unit#1000PERS,http://epp.eurostat.ec.europa.eu/def/geo#MT,2004,:
,,http://epp.eurostat.ec.europa.eu/def/unit#1000PERS,http://epp.eurostat.ec.europa.eu/def/geo#MT,2005,80
,,http://epp.eurostat.ec.europa.eu/def/unit#1000PERS,http://epp.eurostat.ec.europa.eu/def/geo#MT,2006,76
,,http://epp.eurostat.ec.europa.eu/def/unit#1000PERS,http://epp.eurostat.ec.europa.eu/def/geo#MT,2007,78
,,http://epp.eurostat.ec.europa.eu/def/unit#1000PERS,http://epp.eurostat.ec.europa.eu/def/geo#MT,2008,80
,,http://epp.eurostat.ec.europa.eu/def/unit#1000PERS,http://epp.eurostat.ec.europa.eu/def/geo#MT,2009,82
,,http://epp.eurostat.ec.europa.eu/def/unit#1000PERS,http://epp.eurostat.ec.europa.eu/def/geo#MT,2010,83
,,http://epp.eurostat.ec.europa.eu/def/unit#1000PERS,http://epp.eurostat.ec.europa.eu/def/geo#MT,2011,88
,,http://epp.eurostat.ec.europa.eu/def/unit#1000PERS,http://epp.eurostat.ec.europa.eu/def/geo#NL,2004,:
,,http://epp.eurostat.ec.europa.eu/def/unit#1000PERS,http://epp.eurostat.ec.europa.eu/def/geo#NL,2005,2705
,,http://epp.eurostat.ec.europa.eu/def/unit#1000PERS,http://epp.eurostat.ec.europa.eu/def/geo#NL,2006,2603
,,http://epp.eurostat.ec.europa.eu/def/unit#1000PERS,http://epp.eurostat.ec.europa.eu/def/geo#NL,2007,2558
,,http://epp.eurostat.ec.europa.eu/def/unit#1000PERS,http://epp.eurostat.ec.europa.eu/def/geo#NL,2008,2432
,,http://epp.eurostat.ec.europa.eu/def/unit#1000PERS,http://epp.eurostat.ec.europa.eu/def/geo#NL,2009,2483
,,http://epp.eurostat.ec.europa.eu/def/unit#1000PERS,http://epp.eurostat.ec.europa.eu/def/geo#NL,2010,2483
,,http://epp.eurostat.ec.europa.eu/def/unit#1000PERS,http://epp.eurostat.ec.europa.eu/def/geo#NL,2011,2598
,,http://epp.eurostat.ec.europa.eu/def/unit#1000PERS,http://epp.eurostat.ec.europa.eu/def/geo#AT,2004,1405
,,http://epp.eurostat.ec.europa.eu/def/unit#1000PERS,http://epp.eurostat.ec.europa.eu/def/geo#AT,2005,1369
,,http://epp.eurostat.ec.europa.eu/def/unit#1000PERS,http://epp.eurostat.ec.europa.eu/def/geo#AT,2006,1454
,,http://epp.eurostat.ec.europa.eu/def/unit#1000PERS,http://epp.eurostat.ec.europa.eu/def/geo#AT,2007,1376
,,http://epp.eurostat.ec.europa.eu/def/unit#1000PERS,http://epp.eurostat.ec.europa.eu/def/geo#AT,2008,1532
,,http://epp.eurostat.ec.europa.eu/def/unit#1000PERS,http://epp.eurostat.ec.europa.eu/def/geo#AT,2009,1406
,,http://epp.eurostat.ec.europa.eu/def/unit#1000PERS,http://epp.eurostat.ec.europa.eu/def/geo#AT,2010,1373
,,http://epp.eurostat.ec.europa.eu/def/unit#1000PERS,http://epp.eurostat.ec.europa.eu/def/geo#AT,2011,1407
,,http://epp.eurostat.ec.europa.eu/def/unit#1000PERS,http://epp.eurostat.ec.europa.eu/def/geo#PL,2004,:
,,http://epp.eurostat.ec.europa.eu/def/unit#1000PERS,http://epp.eurostat.ec.europa.eu/def/geo#PL,2005,17080
,,http://epp.eurostat.ec.europa.eu/def/unit#1000PERS,http://epp.eurostat.ec.europa.eu/def/geo#PL,2006,14938
,,http://epp.eurostat.ec.europa.eu/def/unit#1000PERS,http://epp.eurostat.ec.europa.eu/def/geo#PL,2007,12958
,,http://epp.eurostat.ec.europa.eu/def/unit#1000PERS,http://epp.eurostat.ec.europa.eu/def/geo#PL,2008,11491
,,http://epp.eurostat.ec.europa.eu/def/unit#1000PERS,http://epp.eurostat.ec.europa.eu/def/geo#PL,2009,10454
,,http://epp.eurostat.ec.europa.eu/def/unit#1000PERS,http://epp.eurostat.ec.europa.eu/def/geo#PL,2010,10409
,,http://epp.eurostat.ec.europa.eu/def/unit#1000PERS,http://epp.eurostat.ec.europa.eu/def/geo#PL,2011,10196
,,http://epp.eurostat.ec.europa.eu/def/unit#1000PERS,http://epp.eurostat.ec.europa.eu/def/geo#PT,2004,2876
,,http://epp.eurostat.ec.europa.eu/def/unit#1000PERS,http://epp.eurostat.ec.europa.eu/def/geo#PT,2005,2745
,,http://epp.eurostat.ec.europa.eu/def/unit#1000PERS,http://epp.eurostat.ec.europa.eu/def/geo#PT,2006,2640
,,http://epp.eurostat.ec.europa.eu/def/unit#1000PERS,http://epp.eurostat.ec.europa.eu/def/geo#PT,2007,2653
,,http://epp.eurostat.ec.europa.eu/def/unit#1000PERS,http://epp.eurostat.ec.europa.eu/def/geo#PT,2008,2757
,,http://epp.eurostat.ec.europa.eu/def/unit#1000PERS,http://epp.eurostat.ec.europa.eu/def/geo#PT,2009,2648
,,http://epp.eurostat.ec.europa.eu/def/unit#1000PERS,http://epp.eurostat.ec.europa.eu/def/geo#PT,2010,2693
,,http://epp.eurostat.ec.europa.eu/def/unit#1000PERS,http://epp.eurostat.ec.europa.eu/def/geo#PT,2011,2601
,,http://epp.eurostat.ec.europa.eu/def/unit#1000PERS,http://epp.eurostat.ec.europa.eu/def/geo#RO,2004,:
,,http://epp.eurostat.ec.europa.eu/def/unit#1000PERS,http://epp.eurostat.ec.europa.eu/def/geo#RO,2005,:
,,http://epp.eurostat.ec.europa.eu/def/unit#1000PERS,http://epp.eurostat.ec.europa.eu/def/geo#RO,2006,:
,,http://epp.eurostat.ec.europa.eu/def/unit#1000PERS,http://epp.eurostat.ec.europa.eu/def/geo#RO,2007,9904
,,http://epp.eurostat.ec.europa.eu/def/unit#1000PERS,http://epp.eurostat.ec.europa.eu/def/geo#RO,2008,9418
,,http://epp.eurostat.ec.europa.eu/def/unit#1000PERS,http://epp.eurostat.ec.europa.eu/def/geo#RO,2009,9112
,,http://epp.eurostat.ec.europa.eu/def/unit#1000PERS,http://epp.eurostat.ec.europa.eu/def/geo#RO,2010,8890
,,http://epp.eurostat.ec.europa.eu/def/unit#1000PERS,http://epp.eurostat.ec.europa.eu/def/geo#RO,2011,8630
,,http://epp.eurostat.ec.europa.eu/def/unit#1000PERS,http://epp.eurostat.ec.europa.eu/def/geo#SI,2004,:
,,http://epp.eurostat.ec.europa.eu/def/unit#1000PERS,http://epp.eurostat.ec.europa.eu/def/geo#SI,2005,362
,,http://epp.eurostat.ec.europa.eu/def/unit#1000PERS,http://epp.eurostat.ec.europa.eu/def/geo#SI,2006,343
,,http://epp.eurostat.ec.europa.eu/def/unit#1000PERS,http://epp.eurostat.ec.europa.eu/def/geo#SI,2007,335
,,http://epp.eurostat.ec.europa.eu/def/unit#1000PERS,http://epp.eurostat.ec.europa.eu/def/geo#SI,2008,361
,,http://epp.eurostat.ec.europa.eu/def/unit#1000PERS,http://epp.eurostat.ec.europa.eu/def/geo#SI,2009,339
,,http://epp.eurostat.ec.europa.eu/def/unit#1000PERS,http://epp.eurostat.ec.europa.eu/def/geo#SI,2010,366
,,http://epp.eurostat.ec.europa.eu/def/unit#1000PERS,http://epp.eurostat.ec.europa.eu/def/geo#SI,2011,386
,,http://epp.eurostat.ec.europa.eu/def/unit#1000PERS,http://epp.eurostat.ec.europa.eu/def/geo#SK,2004,:
,,http://epp.eurostat.ec.europa.eu/def/unit#1000PERS,http://epp.eurostat.ec.europa.eu/def/geo#SK,2005,1724
,,http://epp.eurostat.ec.europa.eu/def/unit#1000PERS,http://epp.eurostat.ec.europa.eu/def/geo#SK,2006,1439
,,http://epp.eurostat.ec.europa.eu/def/unit#1000PERS,http://epp.eurostat.ec.europa.eu/def/geo#SK,2007,1150
,,http://epp.eurostat.ec.europa.eu/def/unit#1000PERS,http://epp.eurostat.ec.europa.eu/def/geo#SK,2008,1111
,,http://epp.eurostat.ec.europa.eu/def/unit#1000PERS,http://epp.eurostat.ec.europa.eu/def/geo#SK,2009,1061
,,http://epp.eurostat.ec.europa.eu/def/unit#1000PERS,http://epp.eurostat.ec.europa.eu/def/geo#SK,2010,1118
,,http://epp.eurostat.ec.europa.eu/def/unit#1000PERS,http://epp.eurostat.ec.europa.eu/def/geo#SK,2011,1112
,,http://epp.eurostat.ec.europa.eu/def/unit#1000PERS,http://epp.eurostat.ec.europa.eu/def/geo#FI,2004,885
,,http://epp.eurostat.ec.europa.eu/def/unit#1000PERS,http://epp.eurostat.ec.europa.eu/def/geo#FI,2005,887
,,http://epp.eurostat.ec.europa.eu/def/unit#1000PERS,http://epp.eurostat.ec.europa.eu/def/geo#FI,2006,886
,,http://epp.eurostat.ec.europa.eu/def/unit#1000PERS,http://epp.eurostat.ec.europa.eu/def/geo#FI,2007,907
,,http://epp.eurostat.ec.europa.eu/def/unit#1000PERS,http://epp.eurostat.ec.europa.eu/def/geo#FI,2008,910
,,http://epp.eurostat.ec.europa.eu/def/unit#1000PERS,http://epp.eurostat.ec.europa.eu/def/geo#FI,2009,886
,,http://epp.eurostat.ec.europa.eu/def/unit#1000PERS,http://epp.eurostat.ec.europa.eu/def/geo#FI,2010,890
,,http://epp.eurostat.ec.europa.eu/def/unit#1000PERS,http://epp.eurostat.ec.europa.eu/def/geo#FI,2011,949
,,http://epp.eurostat.ec.europa.eu/def/unit#1000PERS,http://epp.eurostat.ec.europa.eu/def/geo#SE,2004,1521
,,http://epp.eurostat.ec.europa.eu/def/unit#1000PERS,http://epp.eurostat.ec.europa.eu/def/geo#SE,2005,1325
,,http://epp.eurostat.ec.europa.eu/def/unit#1000PERS,http://epp.eurostat.ec.europa.eu/def/geo#SE,2006,1489
,,http://epp.eurostat.ec.europa.eu/def/unit#1000PERS,http://epp.eurostat.ec.europa.eu/def/geo#SE,2007,1264
,,http://epp.eurostat.ec.europa.eu/def/unit#1000PERS,http://epp.eurostat.ec.europa.eu/def/geo#SE,2008,1367
,,http://epp.eurostat.ec.europa.eu/def/unit#1000PERS,http://epp.eurostat.ec.europa.eu/def/geo#SE,2009,1459
,,http://epp.eurostat.ec.europa.eu/def/unit#1000PERS,http://epp.eurostat.ec.europa.eu/def/geo#SE,2010,1418
,,http://epp.eurostat.ec.europa.eu/def/unit#1000PERS,http://epp.eurostat.ec.europa.eu/def/geo#SE,2011,1538
,,http://epp.eurostat.ec.europa.eu/def/unit#1000PERS,http://epp.eurostat.ec.europa.eu/def/geo#UK,2004,:
,,http://epp.eurostat.ec.europa.eu/def/unit#1000PERS,http://epp.eurostat.ec.europa.eu/def/geo#UK,2005,14530
,,http://epp.eurostat.ec.europa.eu/def/unit#1000PERS,http://epp.eurostat.ec.europa.eu/def/geo#UK,2006,14193
,,http://epp.eurostat.ec.europa.eu/def/unit#1000PERS,http://epp.eurostat.ec.europa.eu/def/geo#UK,2007,13527
,,http://epp.eurostat.ec.europa.eu/def/unit#1000PERS,http://epp.eurostat.ec.europa.eu/def/geo#UK,2008,14069
,,http://epp.eurostat.ec.europa.eu/def/unit#1000PERS,http://epp.eurostat.ec.europa.eu/def/geo#UK,2009,13389
,,http://epp.eurostat.ec.europa.eu/def/unit#1000PERS,http://epp.eurostat.ec.europa.eu/def/geo#UK,2010,14209
,,http://epp.eurostat.ec.europa.eu/def/unit#1000PERS,http://epp.eurostat.ec.europa.eu/def/geo#UK,2011,14044
,,http://epp.eurostat.ec.europa.eu/def/unit#1000PERS,http://epp.eurostat.ec.europa.eu/def/geo#IS,2004,39
,,http://epp.eurostat.ec.europa.eu/def/unit#1000PERS,http://epp.eurostat.ec.europa.eu/def/geo#IS,2005,38
,,http://epp.eurostat.ec.europa.eu/def/unit#1000PERS,http://epp.eurostat.ec.europa.eu/def/geo#IS,2006,36
,,http://epp.eurostat.ec.europa.eu/def/unit#1000PERS,http://epp.eurostat.ec.europa.eu/def/geo#IS,2007,38
,,http://epp.eurostat.ec.europa.eu/def/unit#1000PERS,http://epp.eurostat.ec.europa.eu/def/geo#IS,2008,36
,,http://epp.eurostat.ec.europa.eu/def/unit#1000PERS,http://epp.eurostat.ec.europa.eu/def/geo#IS,2009,36
,,http://epp.eurostat.ec.europa.eu/def/unit#1000PERS,http://epp.eurostat.ec.europa.eu/def/geo#IS,2010,42
,,http://epp.eurostat.ec.europa.eu/def/unit#1000PERS,http://epp.eurostat.ec.europa.eu/def/geo#IS,2011,41
,,http://epp.eurostat.ec.europa.eu/def/unit#1000PERS,http://epp.eurostat.ec.europa.eu/def/geo#NO,2004,724
,,http://epp.eurostat.ec.europa.eu/def/unit#1000PERS,http://epp.eurostat.ec.europa.eu/def/geo#NO,2005,746
,,http://epp.eurostat.ec.europa.eu/def/unit#1000PERS,http://epp.eurostat.ec.europa.eu/def/geo#NO,2006,780
,,http://epp.eurostat.ec.europa.eu/def/unit#1000PERS,http://epp.eurostat.ec.europa.eu/def/geo#NO,2007,764
,,http://epp.eurostat.ec.europa.eu/def/unit#1000PERS,http://epp.eurostat.ec.europa.eu/def/geo#NO,2008,701
,,http://epp.eurostat.ec.europa.eu/def/unit#1000PERS,http://epp.eurostat.ec.europa.eu/def/geo#NO,2009,724
,,http://epp.eurostat.ec.europa.eu/def/unit#1000PERS,http://epp.eurostat.ec.europa.eu/def/geo#NO,2010,716
,,http://epp.eurostat.ec.europa.eu/def/unit#1000PERS,http://epp.eurostat.ec.europa.eu/def/geo#NO,2011,709
,,http://epp.eurostat.ec.europa.eu/def/unit#1000PERS,http://epp.eurostat.ec.europa.eu/def/geo#CH,2004,:
,,http://epp.eurostat.ec.europa.eu/def/unit#1000PERS,http://epp.eurostat.ec.europa.eu/def/geo#CH,2005,:
,,http://epp.eurostat.ec.europa.eu/def/unit#1000PERS,http://epp.eurostat.ec.europa.eu/def/geo#CH,2006,:
,,http://epp.eurostat.ec.europa.eu/def/unit#1000PERS,http://epp.eurostat.ec.europa.eu/def/geo#CH,2007,:
,,http://epp.eurostat.ec.europa.eu/def/unit#1000PERS,http://epp.eurostat.ec.europa.eu/def/geo#CH,2008,1372
,,http://epp.eurostat.ec.europa.eu/def/unit#1000PERS,http://epp.eurostat.ec.europa.eu/def/geo#CH,2009,1288
,,http://epp.eurostat.ec.europa.eu/def/unit#1000PERS,http://epp.eurostat.ec.europa.eu/def/geo#CH,2010,1291
,,http://epp.eurostat.ec.europa.eu/def/unit#1000PERS,http://epp.eurostat.ec.europa.eu/def/geo#CH,2011,1317
,,http://epp.eurostat.ec.europa.eu/def/unit#1000PERS,http://epp.eurostat.ec.europa.eu/def/geo#HR,2004,:
,,http://epp.eurostat.ec.europa.eu/def/unit#1000PERS,http://epp.eurostat.ec.europa.eu/def/geo#HR,2005,:
,,http://epp.eurostat.ec.europa.eu/def/unit#1000PERS,http://epp.eurostat.ec.europa.eu/def/geo#HR,2006,:
,,http://epp.eurostat.ec.europa.eu/def/unit#1000PERS,http://epp.eurostat.ec.europa.eu/def/geo#HR,2007,:
,,http://epp.eurostat.ec.europa.eu/def/unit#1000PERS,http://epp.eurostat.ec.europa.eu/def/geo#HR,2008,:
,,http://epp.eurostat.ec.europa.eu/def/unit#1000PERS,http://epp.eurostat.ec.europa.eu/def/geo#HR,2009,:
,,http://epp.eurostat.ec.europa.eu/def/unit#1000PERS,http://epp.eurostat.ec.europa.eu/def/geo#HR,2010,1321
,,http://epp.eurostat.ec.europa.eu/def/unit#1000PERS,http://epp.eurostat.ec.europa.eu/def/geo#HR,2011,1382
,,http://epp.eurostat.ec.europa.eu/def/unit#1000PERS,http://epp.eurostat.ec.europa.eu/def/geo#TR,2004,:
,,http://epp.eurostat.ec.europa.eu/def/unit#1000PERS,http://epp.eurostat.ec.europa.eu/def/geo#TR,2005,:
,,http://epp.eurostat.ec.europa.eu/def/unit#1000PERS,http://epp.eurostat.ec.europa.eu/def/geo#TR,2006,48934
,,http://epp.eurostat.ec.europa.eu/def/unit#1000PERS,http://epp.eurostat.ec.europa.eu/def/geo#TR,2007,:
,,http://epp.eurostat.ec.europa.eu/def/unit#1000PERS,http://epp.eurostat.ec.europa.eu/def/geo#TR,2008,:
,,http://epp.eurostat.ec.europa.eu/def/unit#1000PERS,http://epp.eurostat.ec.europa.eu/def/geo#TR,2009,:
,,http://epp.eurostat.ec.europa.eu/def/unit#1000PERS,http://epp.eurostat.ec.europa.eu/def/geo#TR,2010,:
,,http://epp.eurostat.ec.europa.eu/def/unit#1000PERS,http://epp.eurostat.ec.europa.eu/def/geo#TR,2011,:
,,http://epp.eurostat.ec.europa.eu/def/unit#PC_POP,http://epp.eurostat.ec.europa.eu/def/geo#EU27,2004,:
,,http://epp.eurostat.ec.europa.eu/def/unit#PC_POP,http://epp.eurostat.ec.europa.eu/def/geo#EU27,2005,25.6
,,http://epp.eurostat.ec.europa.eu/def/unit#PC_POP,http://epp.eurostat.ec.europa.eu/def/geo#EU27,2006,25.2
,,http://epp.eurostat.ec.europa.eu/def/unit#PC_POP,http://epp.eurostat.ec.europa.eu/def/geo#EU27,2007,24.4
,,http://epp.eurostat.ec.europa.eu/def/unit#PC_POP,http://epp.eurostat.ec.europa.eu/def/geo#EU27,2008,23.5
,,http://epp.eurostat.ec.europa.eu/def/unit#PC_POP,http://epp.eurostat.ec.europa.eu/def/geo#EU27,2009,23.1
,,http://epp.eurostat.ec.europa.eu/def/unit#PC_POP,http://epp.eurostat.ec.europa.eu/def/geo#EU27,2010,23.4
,,http://epp.eurostat.ec.europa.eu/def/unit#PC_POP,http://epp.eurostat.ec.europa.eu/def/geo#EU27,2011,24.1
,,http://epp.eurostat.ec.europa.eu/def/unit#PC_POP,http://epp.eurostat.ec.europa.eu/def/geo#BE,2004,21.6
,,http://epp.eurostat.ec.europa.eu/def/unit#PC_POP,http://epp.eurostat.ec.europa.eu/def/geo#BE,2005,22.6
,,http://epp.eurostat.ec.europa.eu/def/unit#PC_POP,http://epp.eurostat.ec.europa.eu/def/geo#BE,2006,21.5
,,http://epp.eurostat.ec.europa.eu/def/unit#PC_POP,http://epp.eurostat.ec.europa.eu/def/geo#BE,2007,21.6
,,http://epp.eurostat.ec.europa.eu/def/unit#PC_POP,http://epp.eurostat.ec.europa.eu/def/geo#BE,2008,20.8
,,http://epp.eurostat.ec.europa.eu/def/unit#PC_POP,http://epp.eurostat.ec.europa.eu/def/geo#BE,2009,20.2
,,http://epp.eurostat.ec.europa.eu/def/unit#PC_POP,http://epp.eurostat.ec.europa.eu/def/geo#BE,2010,20.8
,,http://epp.eurostat.ec.europa.eu/def/unit#PC_POP,http://epp.eurostat.ec.europa.eu/def/geo#BE,2011,21.0
,,http://epp.eurostat.ec.europa.eu/def/unit#PC_POP,http://epp.eurostat.ec.europa.eu/def/geo#BG,2004,:
,,http://epp.eurostat.ec.europa.eu/def/unit#PC_POP,http://epp.eurostat.ec.europa.eu/def/geo#BG,2005,:
,,http://epp.eurostat.ec.europa.eu/def/unit#PC_POP,http://epp.eurostat.ec.europa.eu/def/geo#BG,2006,61.3
,,http://epp.eurostat.ec.europa.eu/def/unit#PC_POP,http://epp.eurostat.ec.europa.eu/def/geo#BG,2007,60.7
,,http://epp.eurostat.ec.europa.eu/def/unit#PC_POP,http://epp.eurostat.ec.europa.eu/def/geo#BG,2008,38.2
,,http://epp.eurostat.ec.europa.eu/def/unit#PC_POP,http://epp.eurostat.ec.europa.eu/def/geo#BG,2009,46.2
,,http://epp.eurostat.ec.europa.eu/def/unit#PC_POP,http://epp.eurostat.ec.europa.eu/def/geo#BG,2010,41.6
,,http://epp.eurostat.ec.europa.eu/def/unit#PC_POP,http://epp.eurostat.ec.europa.eu/def/geo#BG,2011,47.1
,,http://epp.eurostat.ec.europa.eu/def/unit#PC_POP,http://epp.eurostat.ec.europa.eu/def/geo#CZ,2004,:
,,http://epp.eurostat.ec.europa.eu/def/unit#PC_POP,http://epp.eurostat.ec.europa.eu/def/geo#CZ,2005,19.6
,,http://epp.eurostat.ec.europa.eu/def/unit#PC_POP,http://epp.eurostat.ec.europa.eu/def/geo#CZ,2006,18.0
,,http://epp.eurostat.ec.europa.eu/def/unit#PC_POP,http://epp.eurostat.ec.europa.eu/def/geo#CZ,2007,15.8
,,http://epp.eurostat.ec.europa.eu/def/unit#PC_POP,http://epp.eurostat.ec.europa.eu/def/geo#CZ,2008,15.3
,,http://epp.eurostat.ec.europa.eu/def/unit#PC_POP,http://epp.eurostat.ec.europa.eu/def/geo#CZ,2009,14.0
,,http://epp.eurostat.ec.europa.eu/def/unit#PC_POP,http://epp.eurostat.ec.europa.eu/def/geo#CZ,2010,14.4
,,http://epp.eurostat.ec.europa.eu/def/unit#PC_POP,http://epp.eurostat.ec.europa.eu/def/geo#CZ,2011,15.3
,,http://epp.eurostat.ec.europa.eu/def/unit#PC_POP,http://epp.eurostat.ec.europa.eu/def/geo#DK,2004,16.5
,,http://epp.eurostat.ec.europa.eu/def/unit#PC_POP,http://epp.eurostat.ec.europa.eu/def/geo#DK,2005,17.2
,,http://epp.eurostat.ec.europa.eu/def/unit#PC_POP,http://epp.eurostat.ec.europa.eu/def/geo#DK,2006,16.7
,,http://epp.eurostat.ec.europa.eu/def/unit#PC_POP,http://epp.eurostat.ec.europa.eu/def/geo#DK,2007,16.8
,,http://epp.eurostat.ec.europa.eu/def/unit#PC_POP,http://epp.eurostat.ec.europa.eu/def/geo#DK,2008,16.3
,,http://epp.eurostat.ec.europa.eu/def/unit#PC_POP,http://epp.eurostat.ec.europa.eu/def/geo#DK,2009,17.6
,,http://epp.eurostat.ec.europa.eu/def/unit#PC_POP,http://epp.eurostat.ec.europa.eu/def/geo#DK,2010,18.3
,,http://epp.eurostat.ec.europa.eu/def/unit#PC_POP,http://epp.eurostat.ec.europa.eu/def/geo#DK,2011,18.9
,,http://epp.eurostat.ec.europa.eu/def/unit#PC_POP,http://epp.eurostat.ec.europa.eu/def/geo#DE,2004,:
,,http://epp.eurostat.ec.europa.eu/def/unit#PC_POP,http://epp.eurostat.ec.europa.eu/def/geo#DE,2005,18.4
,,http://epp.eurostat.ec.europa.eu/def/unit#PC_POP,http://epp.eurostat.ec.europa.eu/def/geo#DE,2006,20.2
,,http://epp.eurostat.ec.europa.eu/def/unit#PC_POP,http://epp.eurostat.ec.europa.eu/def/geo#DE,2007,20.6
,,http://epp.eurostat.ec.europa.eu/def/unit#PC_POP,http://epp.eurostat.ec.europa.eu/def/geo#DE,2008,20.1
,,http://epp.eurostat.ec.europa.eu/def/unit#PC_POP,http://epp.eurostat.ec.europa.eu/def/geo#DE,2009,20.0
,,http://epp.eurostat.ec.europa.eu/def/unit#PC_POP,http://epp.eurostat.ec.europa.eu/def/geo#DE,2010,19.7
,,http://epp.eurostat.ec.europa.eu/def/unit#PC_POP,http://epp.eurostat.ec.europa.eu/def/geo#DE,2011,19.9
,,http://epp.eurostat.ec.europa.eu/def/unit#PC_POP,http://epp.eurostat.ec.europa.eu/def/geo#EE,2004,26.3
,,http://epp.eurostat.ec.europa.eu/def/unit#PC_POP,http://epp.eurostat.ec.europa.eu/def/geo#EE,2005,25.9
,,http://epp.eurostat.ec.europa.eu/def/unit#PC_POP,http://epp.eurostat.ec.europa.eu/def/geo#EE,2006,22.0
,,http://epp.eurostat.ec.europa.eu/def/unit#PC_POP,http://epp.eurostat.ec.europa.eu/def/geo#EE,2007,22.0
,,http://epp.eurostat.ec.europa.eu/def/unit#PC_POP,http://epp.eurostat.ec.europa.eu/def/geo#EE,2008,21.8
,,http://epp.eurostat.ec.europa.eu/def/unit#PC_POP,http://epp.eurostat.ec.europa.eu/def/geo#EE,2009,23.4
,,http://epp.eurostat.ec.europa.eu/def/unit#PC_POP,http://epp.eurostat.ec.europa.eu/def/geo#EE,2010,21.7
,,http://epp.eurostat.ec.europa.eu/def/unit#PC_POP,http://epp.eurostat.ec.europa.eu/def/geo#EE,2011,23.1
,,http://epp.eurostat.ec.europa.eu/def/unit#PC_POP,http://epp.eurostat.ec.europa.eu/def/geo#IE,2004,24.8
,,http://epp.eurostat.ec.europa.eu/def/unit#PC_POP,http://epp.eurostat.ec.europa.eu/def/geo#IE,2005,25.0
,,http://epp.eurostat.ec.europa.eu/def/unit#PC_POP,http://epp.eurostat.ec.europa.eu/def/geo#IE,2006,23.3
,,http://epp.eurostat.ec.europa.eu/def/unit#PC_POP,http://epp.eurostat.ec.europa.eu/def/geo#IE,2007,23.1
,,http://epp.eurostat.ec.europa.eu/def/unit#PC_POP,http://epp.eurostat.ec.europa.eu/def/geo#IE,2008,23.7
,,http://epp.eurostat.ec.europa.eu/def/unit#PC_POP,http://epp.eurostat.ec.europa.eu/def/geo#IE,2009,25.7
,,http://epp.eurostat.ec.europa.eu/def/unit#PC_POP,http://epp.eurostat.ec.europa.eu/def/geo#IE,2010,29.9
,,http://epp.eurostat.ec.europa.eu/def/unit#PC_POP,http://epp.eurostat.ec.europa.eu/def/geo#IE,2011,:
,,http://epp.eurostat.ec.europa.eu/def/unit#PC_POP,http://epp.eurostat.ec.europa.eu/def/geo#EL,2004,30.9
,,http://epp.eurostat.ec.europa.eu/def/unit#PC_POP,http://epp.eurostat.ec.europa.eu/def/geo#EL,2005,29.4
,,http://epp.eurostat.ec.europa.eu/def/unit#PC_POP,http://epp.eurostat.ec.europa.eu/def/geo#EL,2006,29.3
,,http://epp.eurostat.ec.europa.eu/def/unit#PC_POP,http://epp.eurostat.ec.europa.eu/def/geo#EL,2007,28.3
,,http://epp.eurostat.ec.europa.eu/def/unit#PC_POP,http://epp.eurostat.ec.europa.eu/def/geo#EL,2008,28.1
,,http://epp.eurostat.ec.europa.eu/def/unit#PC_POP,http://epp.eurostat.ec.europa.eu/def/geo#EL,2009,27.6
,,http://epp.eurostat.ec.europa.eu/def/unit#PC_POP,http://epp.eurostat.ec.europa.eu/def/geo#EL,2010,27.7
,,http://epp.eurostat.ec.europa.eu/def/unit#PC_POP,http://epp.eurostat.ec.europa.eu/def/geo#EL,2011,31.0
,,http://epp.eurostat.ec.europa.eu/def/unit#PC_POP,http://epp.eurostat.ec.europa.eu/def/geo#ES,2004,24.4
,,http://epp.eurostat.ec.europa.eu/def/unit#PC_POP,http://epp.eurostat.ec.europa.eu/def/geo#ES,2005,23.4
,,http://epp.eurostat.ec.europa.eu/def/unit#PC_POP,http://epp.eurostat.ec.europa.eu/def/geo#ES,2006,23.3
,,http://epp.eurostat.ec.europa.eu/def/unit#PC_POP,http://epp.eurostat.ec.europa.eu/def/geo#ES,2007,23.1
,,http://epp.eurostat.ec.europa.eu/def/unit#PC_POP,http://epp.eurostat.ec.europa.eu/def/geo#ES,2008,22.9
,,http://epp.eurostat.ec.europa.eu/def/unit#PC_POP,http://epp.eurostat.ec.europa.eu/def/geo#ES,2009,23.4
,,http://epp.eurostat.ec.europa.eu/def/unit#PC_POP,http://epp.eurostat.ec.europa.eu/def/geo#ES,2010,25.5
,,http://epp.eurostat.ec.europa.eu/def/unit#PC_POP,http://epp.eurostat.ec.europa.eu/def/geo#ES,2011,27.0
,,http://epp.eurostat.ec.europa.eu/def/unit#PC_POP,http://epp.eurostat.ec.europa.eu/def/geo#FR,2004,19.8
,,http://epp.eurostat.ec.europa.eu/def/unit#PC_POP,http://epp.eurostat.ec.europa.eu/def/geo#FR,2005,18.9
,,http://epp.eurostat.ec.europa.eu/def/unit#PC_POP,http://epp.eurostat.ec.europa.eu/def/geo#FR,2006,18.8
,,http://epp.eurostat.ec.europa.eu/def/unit#PC_POP,http://epp.eurostat.ec.europa.eu/def/geo#FR,2007,19.0
,,http://epp.eurostat.ec.europa.eu/def/unit#PC_POP,http://epp.eurostat.ec.europa.eu/def/geo#FR,2008,18.6
,,http://epp.eurostat.ec.europa.eu/def/unit#PC_POP,http://epp.eurostat.ec.europa.eu/def/geo#FR,2009,18.5
,,http://epp.eurostat.ec.europa.eu/def/unit#PC_POP,http://epp.eurostat.ec.europa.eu/def/geo#FR,2010,19.2
,,http://epp.eurostat.ec.europa.eu/def/unit#PC_POP,http://epp.eurostat.ec.europa.eu/def/geo#FR,2011,19.3
,,http://epp.eurostat.ec.europa.eu/def/unit#PC_POP,http://epp.eurostat.ec.europa.eu/def/geo#IT,2004,26.4
,,http://epp.eurostat.ec.europa.eu/def/unit#PC_POP,http://epp.eurostat.ec.europa.eu/def/geo#IT,2005,25.0
,,http://epp.eurostat.ec.europa.eu/def/unit#PC_POP,http://epp.eurostat.ec.europa.eu/def/geo#IT,2006,25.9
,,http://epp.eurostat.ec.europa.eu/def/unit#PC_POP,http://epp.eurostat.ec.europa.eu/def/geo#IT,2007,26.0
,,http://epp.eurostat.ec.europa.eu/def/unit#PC_POP,http://epp.eurostat.ec.europa.eu/def/geo#IT,2008,25.3
,,http://epp.eurostat.ec.europa.eu/def/unit#PC_POP,http://epp.eurostat.ec.europa.eu/def/geo#IT,2009,24.7
,,http://epp.eurostat.ec.europa.eu/def/unit#PC_POP,http://epp.eurostat.ec.europa.eu/def/geo#IT,2010,24.5
,,http://epp.eurostat.ec.europa.eu/def/unit#PC_POP,http://epp.eurostat.ec.europa.eu/def/geo#IT,2011,28.2
,,http://epp.eurostat.ec.europa.eu/def/unit#PC_POP,http://epp.eurostat.ec.europa.eu/def/geo#CY,2004,:
,,http://epp.eurostat.ec.europa.eu/def/unit#PC_POP,http://epp.eurostat.ec.europa.eu/def/geo#CY,2005,25.3
,,http://epp.eurostat.ec.europa.eu/def/unit#PC_POP,http://epp.eurostat.ec.europa.eu/def/geo#CY,2006,25.4
,,http://epp.eurostat.ec.europa.eu/def/unit#PC_POP,http://epp.eurostat.ec.europa.eu/def/geo#CY,2007,25.2
,,http://epp.eurostat.ec.europa.eu/def/unit#PC_POP,http://epp.eurostat.ec.europa.eu/def/geo#CY,2008,22.4
,,http://epp.eurostat.ec.europa.eu/def/unit#PC_POP,http://epp.eurostat.ec.europa.eu/def/geo#CY,2009,22.9
,,http://epp.eurostat.ec.europa.eu/def/unit#PC_POP,http://epp.eurostat.ec.europa.eu/def/geo#CY,2010,22.9
,,http://epp.eurostat.ec.europa.eu/def/unit#PC_POP,http://epp.eurostat.ec.europa.eu/def/geo#CY,2011,23.5
,,http://epp.eurostat.ec.europa.eu/def/unit#PC_POP,http://epp.eurostat.ec.europa.eu/def/geo#LV,2004,:
,,http://epp.eurostat.ec.europa.eu/def/unit#PC_POP,http://epp.eurostat.ec.europa.eu/def/geo#LV,2005,45.8
,,http://epp.eurostat.ec.europa.eu/def/unit#PC_POP,http://epp.eurostat.ec.europa.eu/def/geo#LV,2006,41.4
,,http://epp.eurostat.ec.europa.eu/def/unit#PC_POP,http://epp.eurostat.ec.europa.eu/def/geo#LV,2007,36.0
,,http://epp.eurostat.ec.europa.eu/def/unit#PC_POP,http://epp.eurostat.ec.europa.eu/def/geo#LV,2008,33.8
,,http://epp.eurostat.ec.europa.eu/def/unit#PC_POP,http://epp.eurostat.ec.europa.eu/def/geo#LV,2009,37.4
,,http://epp.eurostat.ec.europa.eu/def/unit#PC_POP,http://epp.eurostat.ec.europa.eu/def/geo#LV,2010,38.1
,,http://epp.eurostat.ec.europa.eu/def/unit#PC_POP,http://epp.eurostat.ec.europa.eu/def/geo#LV,2011,40.1
,,http://epp.eurostat.ec.europa.eu/def/unit#PC_POP,http://epp.eurostat.ec.europa.eu/def/geo#LT,2004,:
,,http://epp.eurostat.ec.europa.eu/def/unit#PC_POP,http://epp.eurostat.ec.europa.eu/def/geo#LT,2005,41.0
,,http://epp.eurostat.ec.europa.eu/def/unit#PC_POP,http://epp.eurostat.ec.europa.eu/def/geo#LT,2006,35.9
,,http://epp.eurostat.ec.europa.eu/def/unit#PC_POP,http://epp.eurostat.ec.europa.eu/def/geo#LT,2007,28.7
,,http://epp.eurostat.ec.europa.eu/def/unit#PC_POP,http://epp.eurostat.ec.europa.eu/def/geo#LT,2008,27.6
,,http://epp.eurostat.ec.europa.eu/def/unit#PC_POP,http://epp.eurostat.ec.europa.eu/def/geo#LT,2009,29.5
,,http://epp.eurostat.ec.europa.eu/def/unit#PC_POP,http://epp.eurostat.ec.europa.eu/def/geo#LT,2010,33.4
,,http://epp.eurostat.ec.europa.eu/def/unit#PC_POP,http://epp.eurostat.ec.europa.eu/def/geo#LT,2011,33.4
,,http://epp.eurostat.ec.europa.eu/def/unit#PC_POP,http://epp.eurostat.ec.europa.eu/def/geo#LU,2004,16.1
,,http://epp.eurostat.ec.europa.eu/def/unit#PC_POP,http://epp.eurostat.ec.europa.eu/def/geo#LU,2005,17.3
,,http://epp.eurostat.ec.europa.eu/def/unit#PC_POP,http://epp.eurostat.ec.europa.eu/def/geo#LU,2006,16.5
,,http://epp.eurostat.ec.europa.eu/def/unit#PC_POP,http://epp.eurostat.ec.europa.eu/def/geo#LU,2007,15.9
,,http://epp.eurostat.ec.europa.eu/def/unit#PC_POP,http://epp.eurostat.ec.europa.eu/def/geo#LU,2008,15.5
,,http://epp.eurostat.ec.europa.eu/def/unit#PC_POP,http://epp.eurostat.ec.europa.eu/def/geo#LU,2009,17.8
,,http://epp.eurostat.ec.europa.eu/def/unit#PC_POP,http://epp.eurostat.ec.europa.eu/def/geo#LU,2010,17.1
,,http://epp.eurostat.ec.europa.eu/def/unit#PC_POP,http://epp.eurostat.ec.europa.eu/def/geo#LU,2011,16.8
,,http://epp.eurostat.ec.europa.eu/def/unit#PC_POP,http://epp.eurostat.ec.europa.eu/def/geo#HU,2004,:
,,http://epp.eurostat.ec.europa.eu/def/unit#PC_POP,http://epp.eurostat.ec.europa.eu/def/geo#HU,2005,32.1
,,http://epp.eurostat.ec.europa.eu/def/unit#PC_POP,http://epp.eurostat.ec.europa.eu/def/geo#HU,2006,31.4
,,http://epp.eurostat.ec.europa.eu/def/unit#PC_POP,http://epp.eurostat.ec.europa.eu/def/geo#HU,2007,29.4
,,http://epp.eurostat.ec.europa.eu/def/unit#PC_POP,http://epp.eurostat.ec.europa.eu/def/geo#HU,2008,28.2
,,http://epp.eurostat.ec.europa.eu/def/unit#PC_POP,http://epp.eurostat.ec.europa.eu/def/geo#HU,2009,29.6
,,http://epp.eurostat.ec.europa.eu/def/unit#PC_POP,http://epp.eurostat.ec.europa.eu/def/geo#HU,2010,29.9
,,http://epp.eurostat.ec.europa.eu/def/unit#PC_POP,http://epp.eurostat.ec.europa.eu/def/geo#HU,2011,31.0
,,http://epp.eurostat.ec.europa.eu/def/unit#PC_POP,http://epp.eurostat.ec.europa.eu/def/geo#MT,2004,:
,,http://epp.eurostat.ec.europa.eu/def/unit#PC_POP,http://epp.eurostat.ec.europa.eu/def/geo#MT,2005,20.2
,,http://epp.eurostat.ec.europa.eu/def/unit#PC_POP,http://epp.eurostat.ec.europa.eu/def/geo#MT,2006,19.1
,,http://epp.eurostat.ec.europa.eu/def/unit#PC_POP,http://epp.eurostat.ec.europa.eu/def/geo#MT,2007,19.4
,,http://epp.eurostat.ec.europa.eu/def/unit#PC_POP,http://epp.eurostat.ec.europa.eu/def/geo#MT,2008,19.6
,,http://epp.eurostat.ec.europa.eu/def/unit#PC_POP,http://epp.eurostat.ec.europa.eu/def/geo#MT,2009,20.2
,,http://epp.eurostat.ec.europa.eu/def/unit#PC_POP,http://epp.eurostat.ec.europa.eu/def/geo#MT,2010,20.3
,,http://epp.eurostat.ec.europa.eu/def/unit#PC_POP,http://epp.eurostat.ec.europa.eu/def/geo#MT,2011,21.4
,,http://epp.eurostat.ec.europa.eu/def/unit#PC_POP,http://epp.eurostat.ec.europa.eu/def/geo#NL,2004,:
,,http://epp.eurostat.ec.europa.eu/def/unit#PC_POP,http://epp.eurostat.ec.europa.eu/def/geo#NL,2005,16.7
,,http://epp.eurostat.ec.europa.eu/def/unit#PC_POP,http://epp.eurostat.ec.europa.eu/def/geo#NL,2006,16.0
,,http://epp.eurostat.ec.europa.eu/def/unit#PC_POP,http://epp.eurostat.ec.europa.eu/def/geo#NL,2007,15.7
,,http://epp.eurostat.ec.europa.eu/def/unit#PC_POP,http://epp.eurostat.ec.europa.eu/def/geo#NL,2008,14.9
,,http://epp.eurostat.ec.europa.eu/def/unit#PC_POP,http://epp.eurostat.ec.europa.eu/def/geo#NL,2009,15.1
,,http://epp.eurostat.ec.europa.eu/def/unit#PC_POP,http://epp.eurostat.ec.europa.eu/def/geo#NL,2010,15.1
,,http://epp.eurostat.ec.europa.eu/def/unit#PC_POP,http://epp.eurostat.ec.europa.eu/def/geo#NL,2011,15.7
,,http://epp.eurostat.ec.europa.eu/def/unit#PC_POP,http://epp.eurostat.ec.europa.eu/def/geo#AT,2004,17.5
,,http://epp.eurostat.ec.europa.eu/def/unit#PC_POP,http://epp.eurostat.ec.europa.eu/def/geo#AT,2005,16.8
,,http://epp.eurostat.ec.europa.eu/def/unit#PC_POP,http://epp.eurostat.ec.europa.eu/def/geo#AT,2006,17.8
,,http://epp.eurostat.ec.europa.eu/def/unit#PC_POP,http://epp.eurostat.ec.europa.eu/def/geo#AT,2007,16.7
,,http://epp.eurostat.ec.europa.eu/def/unit#PC_POP,http://epp.eurostat.ec.europa.eu/def/geo#AT,2008,18.6
,,http://epp.eurostat.ec.europa.eu/def/unit#PC_POP,http://epp.eurostat.ec.europa.eu/def/geo#AT,2009,17.0
,,http://epp.eurostat.ec.europa.eu/def/unit#PC_POP,http://epp.eurostat.ec.europa.eu/def/geo#AT,2010,16.6
,,http://epp.eurostat.ec.europa.eu/def/unit#PC_POP,http://epp.eurostat.ec.europa.eu/def/geo#AT,2011,16.9
,,http://epp.eurostat.ec.europa.eu/def/unit#PC_POP,http://epp.eurostat.ec.europa.eu/def/geo#PL,2004,:
,,http://epp.eurostat.ec.europa.eu/def/unit#PC_POP,http://epp.eurostat.ec.europa.eu/def/geo#PL,2005,45.3
,,http://epp.eurostat.ec.europa.eu/def/unit#PC_POP,http://epp.eurostat.ec.europa.eu/def/geo#PL,2006,39.5
,,http://epp.eurostat.ec.europa.eu/def/unit#PC_POP,http://epp.eurostat.ec.europa.eu/def/geo#PL,2007,34.4
,,http://epp.eurostat.ec.europa.eu/def/unit#PC_POP,http://epp.eurostat.ec.europa.eu/def/geo#PL,2008,30.5
,,http://epp.eurostat.ec.europa.eu/def/unit#PC_POP,http://epp.eurostat.ec.europa.eu/def/geo#PL,2009,27.8
,,http://epp.eurostat.ec.europa.eu/def/unit#PC_POP,http://epp.eurostat.ec.europa.eu/def/geo#PL,2010,27.8
,,http://epp.eurostat.ec.europa.eu/def/unit#PC_POP,http://epp.eurostat.ec.europa.eu/def/geo#PL,2011,27.2
,,http://epp.eurostat.ec.europa.eu/def/unit#PC_POP,http://epp.eurostat.ec.europa.eu/def/geo#PT,2004,27.5
,,http://epp.eurostat.ec.europa.eu/def/unit#PC_POP,http://epp.eurostat.ec.europa.eu/def/geo#PT,2005,26.1
,,http://epp.eurostat.ec.europa.eu/def/unit#PC_POP,http://epp.eurostat.ec.europa.eu/def/geo#PT,2006,25.0
,,http://epp.eurostat.ec.europa.eu/def/unit#PC_POP,http://epp.eurostat.ec.europa.eu/def/geo#PT,2007,25.0
,,http://epp.eurostat.ec.europa.eu/def/unit#PC_POP,http://epp.eurostat.ec.europa.eu/def/geo#PT,2008,26.0
,,http://epp.eurostat.ec.europa.eu/def/unit#PC_POP,http://epp.eurostat.ec.europa.eu/def/geo#PT,2009,24.9
,,http://epp.eurostat.ec.europa.eu/def/unit#PC_POP,http://epp.eurostat.ec.europa.eu/def/geo#PT,2010,25.3
,,http://epp.eurostat.ec.europa.eu/def/unit#PC_POP,http://epp.eurostat.ec.europa.eu/def/geo#PT,2011,24.4
,,http://epp.eurostat.ec.europa.eu/def/unit#PC_POP,http://epp.eurostat.ec.europa.eu/def/geo#RO,2004,:
,,http://epp.eurostat.ec.europa.eu/def/unit#PC_POP,http://epp.eurostat.ec.europa.eu/def/geo#RO,2005,:
,,http://epp.eurostat.ec.europa.eu/def/unit#PC_POP,http://epp.eurostat.ec.europa.eu/def/geo#RO,2006,:
,,http://epp.eurostat.ec.europa.eu/def/unit#PC_POP,http://epp.eurostat.ec.europa.eu/def/geo#RO,2007,45.9
,,http://epp.eurostat.ec.europa.eu/def/unit#PC_POP,http://epp.eurostat.ec.europa.eu/def/geo#RO,2008,44.2
,,http://epp.eurostat.ec.europa.eu/def/unit#PC_POP,http://epp.eurostat.ec.europa.eu/def/geo#RO,2009,43.1
,,http://epp.eurostat.ec.europa.eu/def/unit#PC_POP,http://epp.eurostat.ec.europa.eu/def/geo#RO,2010,41.4
,,http://epp.eurostat.ec.europa.eu/def/unit#PC_POP,http://epp.eurostat.ec.europa.eu/def/geo#RO,2011,40.3
,,http://epp.eurostat.ec.europa.eu/def/unit#PC_POP,http://epp.eurostat.ec.europa.eu/def/geo#SI,2004,:
,,http://epp.eurostat.ec.europa.eu/def/unit#PC_POP,http://epp.eurostat.ec.europa.eu/def/geo#SI,2005,18.5
,,http://epp.eurostat.ec.europa.eu/def/unit#PC_POP,http://epp.eurostat.ec.europa.eu/def/geo#SI,2006,17.1
,,http://epp.eurostat.ec.europa.eu/def/unit#PC_POP,http://epp.eurostat.ec.europa.eu/def/geo#SI,2007,17.1
,,http://epp.eurostat.ec.europa.eu/def/unit#PC_POP,http://epp.eurostat.ec.europa.eu/def/geo#SI,2008,18.5
,,http://epp.eurostat.ec.europa.eu/def/unit#PC_POP,http://epp.eurostat.ec.europa.eu/def/geo#SI,2009,17.1
,,http://epp.eurostat.ec.europa.eu/def/unit#PC_POP,http://epp.eurostat.ec.europa.eu/def/geo#SI,2010,18.3
,,http://epp.eurostat.ec.europa.eu/def/unit#PC_POP,http://epp.eurostat.ec.europa.eu/def/geo#SI,2011,19.3
,,http://epp.eurostat.ec.europa.eu/def/unit#PC_POP,http://epp.eurostat.ec.europa.eu/def/geo#SK,2004,:
,,http://epp.eurostat.ec.europa.eu/def/unit#PC_POP,http://epp.eurostat.ec.europa.eu/def/geo#SK,2005,32.0
,,http://epp.eurostat.ec.europa.eu/def/unit#PC_POP,http://epp.eurostat.ec.europa.eu/def/geo#SK,2006,26.7
,,http://epp.eurostat.ec.europa.eu/def/unit#PC_POP,http://epp.eurostat.ec.europa.eu/def/geo#SK,2007,21.3
,,http://epp.eurostat.ec.europa.eu/def/unit#PC_POP,http://epp.eurostat.ec.europa.eu/def/geo#SK,2008,20.6
,,http://epp.eurostat.ec.europa.eu/def/unit#PC_POP,http://epp.eurostat.ec.europa.eu/def/geo#SK,2009,19.6
,,http://epp.eurostat.ec.europa.eu/def/unit#PC_POP,http://epp.eurostat.ec.europa.eu/def/geo#SK,2010,20.6
,,http://epp.eurostat.ec.europa.eu/def/unit#PC_POP,http://epp.eurostat.ec.europa.eu/def/geo#SK,2011,20.6
,,http://epp.eurostat.ec.europa.eu/def/unit#PC_POP,http://epp.eurostat.ec.europa.eu/def/geo#FI,2004,17.2
,,http://epp.eurostat.ec.europa.eu/def/unit#PC_POP,http://epp.eurostat.ec.europa.eu/def/geo#FI,2005,17.2
,,http://epp.eurostat.ec.europa.eu/def/unit#PC_POP,http://epp.eurostat.ec.europa.eu/def/geo#FI,2006,17.1
,,http://epp.eurostat.ec.europa.eu/def/unit#PC_POP,http://epp.eurostat.ec.europa.eu/def/geo#FI,2007,17.4
,,http://epp.eurostat.ec.europa.eu/def/unit#PC_POP,http://epp.eurostat.ec.europa.eu/def/geo#FI,2008,17.4
,,http://epp.eurostat.ec.europa.eu/def/unit#PC_POP,http://epp.eurostat.ec.europa.eu/def/geo#FI,2009,16.9
,,http://epp.eurostat.ec.europa.eu/def/unit#PC_POP,http://epp.eurostat.ec.europa.eu/def/geo#FI,2010,16.9
,,http://epp.eurostat.ec.europa.eu/def/unit#PC_POP,http://epp.eurostat.ec.europa.eu/def/geo#FI,2011,17.9
,,http://epp.eurostat.ec.europa.eu/def/unit#PC_POP,http://epp.eurostat.ec.europa.eu/def/geo#SE,2004,16.9
,,http://epp.eurostat.ec.europa.eu/def/unit#PC_POP,http://epp.eurostat.ec.europa.eu/def/geo#SE,2005,14.4
,,http://epp.eurostat.ec.europa.eu/def/unit#PC_POP,http://epp.eurostat.ec.europa.eu/def/geo#SE,2006,16.3
,,http://epp.eurostat.ec.europa.eu/def/unit#PC_POP,http://epp.eurostat.ec.europa.eu/def/geo#SE,2007,13.9
,,http://epp.eurostat.ec.europa.eu/def/unit#PC_POP,http://epp.eurostat.ec.europa.eu/def/geo#SE,2008,14.9
,,http://epp.eurostat.ec.europa.eu/def/unit#PC_POP,http://epp.eurostat.ec.europa.eu/def/geo#SE,2009,15.9
,,http://epp.eurostat.ec.europa.eu/def/unit#PC_POP,http://epp.eurostat.ec.europa.eu/def/geo#SE,2010,15.0
,,http://epp.eurostat.ec.europa.eu/def/unit#PC_POP,http://epp.eurostat.ec.europa.eu/def/geo#SE,2011,16.1
,,http://epp.eurostat.ec.europa.eu/def/unit#PC_POP,http://epp.eurostat.ec.europa.eu/def/geo#UK,2004,:
,,http://epp.eurostat.ec.europa.eu/def/unit#PC_POP,http://epp.eurostat.ec.europa.eu/def/geo#UK,2005,24.8
,,http://epp.eurostat.ec.europa.eu/def/unit#PC_POP,http://epp.eurostat.ec.europa.eu/def/geo#UK,2006,23.7
,,http://epp.eurostat.ec.europa.eu/def/unit#PC_POP,http://epp.eurostat.ec.europa.eu/def/geo#UK,2007,22.6
,,http://epp.eurostat.ec.europa.eu/def/unit#PC_POP,http://epp.eurostat.ec.europa.eu/def/geo#UK,2008,23.2
,,http://epp.eurostat.ec.europa.eu/def/unit#PC_POP,http://epp.eurostat.ec.europa.eu/def/geo#UK,2009,22.0
,,http://epp.eurostat.ec.europa.eu/def/unit#PC_POP,http://epp.eurostat.ec.europa.eu/def/geo#UK,2010,23.1
,,http://epp.eurostat.ec.europa.eu/def/unit#PC_POP,http://epp.eurostat.ec.europa.eu/def/geo#UK,2011,22.7
,,http://epp.eurostat.ec.europa.eu/def/unit#PC_POP,http://epp.eurostat.ec.europa.eu/def/geo#IS,2004,13.7
,,http://epp.eurostat.ec.europa.eu/def/unit#PC_POP,http://epp.eurostat.ec.europa.eu/def/geo#IS,2005,13.3
,,http://epp.eurostat.ec.europa.eu/def/unit#PC_POP,http://epp.eurostat.ec.europa.eu/def/geo#IS,2006,12.5
,,http://epp.eurostat.ec.europa.eu/def/unit#PC_POP,http://epp.eurostat.ec.europa.eu/def/geo#IS,2007,13.0
,,http://epp.eurostat.ec.europa.eu/def/unit#PC_POP,http://epp.eurostat.ec.europa.eu/def/geo#IS,2008,11.8
,,http://epp.eurostat.ec.europa.eu/def/unit#PC_POP,http://epp.eurostat.ec.europa.eu/def/geo#IS,2009,11.6
,,http://epp.eurostat.ec.europa.eu/def/unit#PC_POP,http://epp.eurostat.ec.europa.eu/def/geo#IS,2010,13.7
,,http://epp.eurostat.ec.europa.eu/def/unit#PC_POP,http://epp.eurostat.ec.europa.eu/def/geo#IS,2011,13.7
,,http://epp.eurostat.ec.europa.eu/def/unit#PC_POP,http://epp.eurostat.ec.europa.eu/def/geo#NO,2004,15.8
,,http://epp.eurostat.ec.europa.eu/def/unit#PC_POP,http://epp.eurostat.ec.europa.eu/def/geo#NO,2005,16.2
,,http://epp.eurostat.ec.europa.eu/def/unit#PC_POP,http://epp.eurostat.ec.europa.eu/def/geo#NO,2006,16.9
,,http://epp.eurostat.ec.europa.eu/def/unit#PC_POP,http://epp.eurostat.ec.europa.eu/def/geo#NO,2007,16.5
,,http://epp.eurostat.ec.europa.eu/def/unit#PC_POP,http://epp.eurostat.ec.europa.eu/def/geo#NO,2008,15.0
,,http://epp.eurostat.ec.europa.eu/def/unit#PC_POP,http://epp.eurostat.ec.europa.eu/def/geo#NO,2009,15.2
,,http://epp.eurostat.ec.europa.eu/def/unit#PC_POP,http://epp.eurostat.ec.europa.eu/def/geo#NO,2010,14.9
,,http://epp.eurostat.ec.europa.eu/def/unit#PC_POP,http://epp.eurostat.ec.europa.eu/def/geo#NO,2011,14.6
,,http://epp.eurostat.ec.europa.eu/def/unit#PC_POP,http://epp.eurostat.ec.europa.eu/def/geo#CH,2004,:
,,http://epp.eurostat.ec.europa.eu/def/unit#PC_POP,http://epp.eurostat.ec.europa.eu/def/geo#CH,2005,:
,,http://epp.eurostat.ec.europa.eu/def/unit#PC_POP,http://epp.eurostat.ec.europa.eu/def/geo#CH,2006,:
,,http://epp.eurostat.ec.europa.eu/def/unit#PC_POP,http://epp.eurostat.ec.europa.eu/def/geo#CH,2007,:
,,http://epp.eurostat.ec.europa.eu/def/unit#PC_POP,http://epp.eurostat.ec.europa.eu/def/geo#CH,2008,18.6
,,http://epp.eurostat.ec.europa.eu/def/unit#PC_POP,http://epp.eurostat.ec.europa.eu/def/geo#CH,2009,17.2
,,http://epp.eurostat.ec.europa.eu/def/unit#PC_POP,http://epp.eurostat.ec.europa.eu/def/geo#CH,2010,17.2
,,http://epp.eurostat.ec.europa.eu/def/unit#PC_POP,http://epp.eurostat.ec.europa.eu/def/geo#CH,2011,17.3
,,http://epp.eurostat.ec.europa.eu/def/unit#PC_POP,http://epp.eurostat.ec.europa.eu/def/geo#HR,2004,:
,,http://epp.eurostat.ec.europa.eu/def/unit#PC_POP,http://epp.eurostat.ec.europa.eu/def/geo#HR,2005,:
,,http://epp.eurostat.ec.europa.eu/def/unit#PC_POP,http://epp.eurostat.ec.europa.eu/def/geo#HR,2006,:
,,http://epp.eurostat.ec.europa.eu/def/unit#PC_POP,http://epp.eurostat.ec.europa.eu/def/geo#HR,2007,:
,,http://epp.eurostat.ec.europa.eu/def/unit#PC_POP,http://epp.eurostat.ec.europa.eu/def/geo#HR,2008,:
,,http://epp.eurostat.ec.europa.eu/def/unit#PC_POP,http://epp.eurostat.ec.europa.eu/def/geo#HR,2009,:
,,http://epp.eurostat.ec.europa.eu/def/unit#PC_POP,http://epp.eurostat.ec.europa.eu/def/geo#HR,2010,31.3
,,http://epp.eurostat.ec.europa.eu/def/unit#PC_POP,http://epp.eurostat.ec.europa.eu/def/geo#HR,2011,32.7
,,http://epp.eurostat.ec.europa.eu/def/unit#PC_POP,http://epp.eurostat.ec.europa.eu/def/geo#TR,2004,:
,,http://epp.eurostat.ec.europa.eu/def/unit#PC_POP,http://epp.eurostat.ec.europa.eu/def/geo#TR,2005,:
,,http://epp.eurostat.ec.europa.eu/def/unit#PC_POP,http://epp.eurostat.ec.europa.eu/def/geo#TR,2006,72.4
,,http://epp.eurostat.ec.europa.eu/def/unit#PC_POP,http://epp.eurostat.ec.europa.eu/def/geo#TR,2007,:
,,http://epp.eurostat.ec.europa.eu/def/unit#PC_POP,http://epp.eurostat.ec.europa.eu/def/geo#TR,2008,:
,,http://epp.eurostat.ec.europa.eu/def/unit#PC_POP,http://epp.eurostat.ec.europa.eu/def/geo#TR,2009,:
,,http://epp.eurostat.ec.europa.eu/def/unit#PC_POP,http://epp.eurostat.ec.europa.eu/def/geo#TR,2010,:
,,http://epp.eurostat.ec.europa.eu/def/unit#PC_POP,http://epp.eurostat.ec.europa.eu/def/geo#TR,2011,:
meta,"#cell=8,5",flag,en,Eurostat estimate,rdfs:comment
meta,"#cell=8,5",flag,fr,estimation Eurostat,rdfs:comment
meta,"#cell=8,5",flag,de,Eurostat Schätzung,rdfs:comment
meta,"#cell=9,5",flag,en,Eurostat estimate,rdfs:comment
meta,"#cell=9,5",flag,fr,estimation Eurostat,rdfs:comment
meta,"#cell=9,5",flag,de,Eurostat Schätzung,rdfs:comment
meta,"#cell=14,5",flag,en,Eurostat estimate,rdfs:comment
meta,"#cell=14,5",flag,fr,estimation Eurostat,rdfs:comment
meta,"#cell=14,5",flag,de,Eurostat Schätzung,rdfs:comment
meta,"#cell=27,5",flag,en,break in series,rdfs:comment
meta,"#cell=27,5",flag,fr,rupture de série,rdfs:comment
meta,"#cell=27,5",flag,de,Zeitreihenbruch,rdfs:comment
meta,"#cell=91,5",flag,en,break in series,rdfs:comment
meta,"#cell=91,5",flag,fr,rupture de série,rdfs:comment
meta,"#cell=91,5",flag,de,Zeitreihenbruch,rdfs:comment
meta,"#cell=107,5",flag,en,break in series,rdfs:comment
meta,"#cell=107,5",flag,fr,rupture de série,rdfs:comment
meta,"#cell=107,5",flag,de,Zeitreihenbruch,rdfs:comment
meta,"#cell=115,5",flag,en,break in series,rdfs:comment
meta,"#cell=115,5",flag,fr,rupture de série,rdfs:comment
meta,"#cell=115,5",flag,de,Zeitreihenbruch,rdfs:comment
meta,"#cell=171,5",flag,en,break in series,rdfs:comment
meta,"#cell=171,5",flag,fr,rupture de série,rdfs:comment
meta,"#cell=171,5",flag,de,Zeitreihenbruch,rdfs:comment
meta,"#cell=272,5",flag,en,Eurostat estimate,rdfs:comment
meta,"#cell=272,5",flag,fr,estimation Eurostat,rdfs:comment
meta,"#cell=272,5",flag,de,Eurostat Schätzung,rdfs:comment
meta,"#cell=273,5",flag,en,Eurostat estimate,rdfs:comment
meta,"#cell=273,5",flag,fr,estimation Eurostat,rdfs:comment
meta,"#cell=273,5",flag,de,Eurostat Schätzung,rdfs:comment
meta,"#cell=278,5",flag,en,Eurostat estimate,rdfs:comment
meta,"#cell=278,5",flag,fr,estimation Eurostat,rdfs:comment
meta,"#cell=278,5",flag,de,Eurostat Schätzung,rdfs:comment
meta,"#cell=291,5",flag,en,break in series,rdfs:comment
meta,"#cell=291,5",flag,fr,rupture de série,rdfs:comment
meta,"#cell=291,5",flag,de,Zeitreihenbruch,rdfs:comment
meta,"#cell=355,5",flag,en,break in series,rdfs:comment
meta,"#cell=355,5",flag,fr,rupture de série,rdfs:comment
meta,"#cell=355,5",flag,de,Zeitreihenbruch,rdfs:comment
meta,"#cell=371,5",flag,en,break in series,rdfs:comment
meta,"#cell=371,5",flag,fr,rupture de série,rdfs:comment
meta,"#cell=371,5",flag,de,Zeitreihenbruch,rdfs:comment
meta,"#cell=379,5",flag,en,break in series,rdfs:comment
meta,"#cell=379,5",flag,fr,rupture de série,rdfs:comment
meta,"#cell=379,5",flag,de,Zeitreihenbruch,rdfs:comment
meta,"#cell=435,5",flag,en,break in series,rdfs:comment
meta,"#cell=435,5",flag,fr,rupture de série,rdfs:comment
meta,"#cell=435,5",flag,de,Zeitreihenbruch,rdfs:comment
